name,price,imageUrl
Waving peace flag,1800,http://www.ringostarrart.com/wp-content/uploads/2018/08/Peace-Flag-18-1-300x300.jpg
3 Ringo's,2400,http://www.ringostarrart.com/wp-content/uploads/2018/08/Three-Ringo-1-300x300.jpg
Knotted peace gun,3000,http://www.ringostarrart.com/wp-content/uploads/2018/08/Double-Peace-Guns-1-300x300.jpg
Octopus's Garden,1200,http://www.ringostarrart.com/wp-content/uploads/2017/10/octopus-garden-ringo-600x459.jpg
Space Men,2000,http://www.ringostarrart.com/wp-content/uploads/2017/10/space-men-ringo-600x377.jpg
Peace Sign in Sky,1200,http://www.ringostarrart.com/wp-content/uploads/2017/10/peace-sky-ringo-600x600.jpg
Caveman,1500,http://www.ringostarrart.com/wp-content/uploads/2017/10/caveman-ringo-600x600.jpg
Tittenhurst Man,2000,http://www.ringostarrart.com/wp-content/uploads/2017/10/Tittenhurst_Man-600x600.jpg
Wooden Man 2,1800,http://www.ringostarrart.com/wp-content/uploads/2016/05/wooden-man-2-sq-600x600.jpg
Peace and Love 2015,2400,http://www.ringostarrart.com/wp-content/uploads/2015/03/art-peacelove15-600x450.jpg
Timberland,1600,http://www.ringostarrart.com/wp-content/uploads/2015/03/timberland.jpg
Pink Peace,1800,http://www.ringostarrart.com/wp-content/uploads/2015/04/pink-peace-600x540.jpg
Peace Forest,1400,http://www.ringostarrart.com/wp-content/uploads/2015/04/peace-forest-600x450.jpg
Starr On,1800,http://www.ringostarrart.com/wp-content/uploads/2015/04/starr-on.jpg
